Index,MaxTheoreticalCapacity/mAhg,V_AI/Volt,V_DFT/Volt,SMILES
0,492.7105506891436,3.0021985,2.940970511853175,CC1=C2C(=O)C(=NC(=O)C2=CC(=N)C1=O)C#C
1,383.04609814282713,2.905304,3.0776766055894296,BrC1=NOC2=C(C(=O)C3=NON=C3C2=O)C1=O
2,601.5061831838781,2.9370332,2.937451687125018,CC1=NC(=N)C2=C1S(=O)(=O)C(C=C2C=O)=NO
3,306.78182902426613,2.9243474,4.500433506871548,CC1=C2OC=NC(N)=CC(=O)NC(NC2=O)=C1
4,710.3542025086559,3.0986962,3.024497762252301,CC1=NC(=N)C2=C1C(=N)S(=O)(=O)C(=N)C=N2
5,320.0830586885172,2.951085,2.8656738758634805,BrC1=NC2=NC=COC=C2N2C(=N)C(=O)N=C12
6,311.5268218423613,3.0138996,2.889137565394421,CC1=C(CO)N=C2C=C(C=O)C=NC(=O)C=C12
7,267.4605796313324,3.0998325,2.995432305486151,BrC1=NC2=C3C(O1)=NC=CN=C3C(Br)=NC2=O
8,492.65484519687664,3.0057428,3.374076428032845,ClC1=NC(=O)C=C(S1)N=C1N=NON=C1C#N
9,320.0862124206943,2.9340472,2.971269779340984,BrC1=NOC(=O)C2=C1C=C1C=NOC(=N)C=C21
10,530.7797161022361,3.1618729,3.3319192308264722,CC1=C(O)C2=C(SN=N1)C(=O)N=C(C#N)C2=O
11,630.0766240019702,3.1218445,3.68816721501114,ClC1=C2N(N=NS1)C(=NC(=O)C(=N)C2=O)C#N
12,374.38701208745664,3.006816,2.990249638869221,CC1=C(N=C2SN=NC(Br)=N2)C(=O)C=NC=C1
13,576.5324082459464,2.9067245,3.301676413918402,CC1=CC2=CC(=O)C=NC=NC(=O)C(=N)C2=N1
14,534.2997739407782,2.9173944,4.446892492912156,CC1=C2CCC(=N2)C(=COS(=O)(=O)N=C1)C#N
15,647.9287285015456,3.0187578,2.843972642939827,CC1=C2C(=O)C=NC(C#N)=C2C(=N)SC(=O)S1
16,396.60786931363,3.022371,3.235049556267581,BrC1=C(CC#N)C2=NC(=N)ON=C2C(=N1)C#C
17,705.7463310596132,3.0224814,3.4147249685000367,CC1=NOC2=NC(=O)C(=NC(C#N)=C12)[N+]([O-])=O
18,463.6699410297098,3.0414429,3.664646859151691,BrC1=CN=C2C(=NC3=NC(=O)C1=C23)C(=O)C#N
19,443.1422995870645,2.9814703,3.0251363369541027,CC1=C(Br)SC2=NC(=N)N=C(C=C2C1=O)C#N
20,644.0440546110633,2.9038358,3.510986223265895,CC1=NC(=N)C2=C1SC(=O)N=C(C#N)C(=O)S2
21,640.2056844362762,3.1183012,2.929960898922692,CC1=NC(C=O)=NC=NC(=O)C2=C1SN=NS2
22,572.0411147108681,3.0588343,3.023495315011902,CC1=C2N=C(SC2=NC(=N)SC(=O)C1=O)C=O
23,373.4236422125473,2.9352047,2.849628008260091,CC1=CSC(=O)C=NC2=C3C(=O)ON=C3N=C12
24,394.2863814484688,3.007263,3.6289528338688846,BrC1=C(C=O)C2=C(C=NC2=O)C2=NC(=O)C=C12
25,672.470573528478,3.0282247,3.037478279468209,CC1=C2C=NS(=O)(=O)C(C#N)=C2OC(C=O)=N1
26,449.66064148740537,3.0345175,2.9482635911967487,CC1(C)CC2=C(OC(=N)C=C1)S(=O)(=O)N=NO2
27,389.7090329160951,3.2010174,3.5081030488340494,CCN=C1N=C(Br)C2=NC(=O)C(=O)C(=O)C2=N1
28,492.6648067759807,2.915479,3.007133515925215,ClC1=NC(C=O)=C2C(=O)C(=N)SC(C=O)=C2O1
29,443.7218474782569,3.0764449,2.951805235855129,CCCC(=O)OC1=CC2=C(N1)ON=NS2(=O)=O
30,300.9940919822051,3.6067743,3.5522495596939154,CC1=CC(=O)N=C2N=NOC(SC=C1)=C2O
31,572.4427439974139,2.9195993,2.868497747204552,CC1=C2C(=NC(=N)C1=O)C(=O)C(=O)C=CC2=N
32,431.2926705825591,2.9680092,3.179068319165477,BrC1=NC(=N)C2=C(ON=C(SC2=O)C=O)C1=O
33,601.5061831838781,3.1070082,3.309081315740284,CC(C)(C#C)C1=C(ON=NS1(=O)=O)C(=O)C#N
34,293.27178844591003,3.324274,3.1477127187062637,Cc1cccc(=O)c2nc(nc1)sccc2O
35,496.34104168457367,2.9502878,3.2016251559124917,CC1=C2C3=C(C=NC3=O)N=CC2=NC(=N)C1=N
36,418.75295768078126,3.1527138,4.649102521209946,CC1=CN=C(C=O)C2=NC(=N)ON=C2C1=O
37,440.72216246978746,3.0050306,2.9556354855961033,CC1=C2SN=C(C=O)C(Br)=C2C(=N1)C(=O)C#N
38,382.2482477374357,3.365395,3.054666821866728,BrC1=NOC(C2=NC(=N)C(=O)C2=O)=C(Br)C1=O
39,401.46771998851153,3.0452595,3.0950439201408937,CC1=CN=C2C=NC(=O)N=C(C=O)C=C2C1=O
40,530.329519989862,3.2094777,3.4069771683618106,BrC1=NC2=NC3=CC(C=N3)=NC=NC(=N1)C2=O
41,492.6985946226547,2.9237056,4.4231161079114525,CC1=NC2=CC(=N)N=CN=C2C(C=O)=NC1=N
42,858.4692836681488,2.909348,4.5224089865342,CC(=O)C1=NC(=NN=NS1(=O)=O)S(=O)(=O)C#N
43,458.8756009130923,3.1145089,3.257012067873126,CC(=O)C1=NC2=C(SC(C)=C1)N=C(C=O)C2=O
44,376.4899347950475,2.9281948,3.6587318930847004,CC1=C2SC(=O)C3=C2C(N=C1Br)=C(C#N)C3=O
45,647.2582091545237,3.1987572,3.4635296949100414,CCN1C(=N)C2=C(C(=NC2=O)C#N)C(=O)C1=O
46,732.2569471789673,2.93156,3.1010600897590255,CC(=O)C1=C2C(=NC(=NC2=N)C#N)C(=N)C1=N
47,385.9071401946358,2.90283,3.4055490046408274,BrC1=NC2=NC(=O)C(=NCC=O)C2=C(Br)C1=O
48,536.9252448787892,2.9490895,2.8232050618657905,ClC1=NSC(=NC1=N)C1=C(SC(=O)N=C1)C=O
49,316.3191309499388,3.1721947,2.9174413348476174,BrC1=NC2=NC(=O)C(=O)OC3=C2C(ON=C3)=C1
50,316.3191309499388,3.1197927,3.507630350152517,CC1=C2N=C(OC(=O)N=C2C(=O)C(Br)=N1)C=O
51,251.25871922175267,3.1149886,2.9346480948357048,BrC1=C(C(=O)C=O)C2=C3C(C=C2)=CC=C3C1=N
52,575.5380400758216,2.9009097,3.004349819176985,CC(C#N)C1=NC2=C(C1=O)C(=N)SN=C(O)S2
53,651.7313384338951,2.9064186,2.818663606718377,CC1=NC(N=C(N)C#N)=NC(=O)C(C)=NC1=N
54,424.7776672430716,3.0943477,2.9820862378073825,ClC1=C2C3=C4C(O1)=CC(=O)C4=NC3=NSC2=O
55,461.0210652812947,2.9063506,3.3981099927640543,CC1=NOC2=C(Br)C=C(C#N)C(=O)C2=NC1=O
56,443.1422995870645,2.9370632,2.864803506204679,CC1=C(Br)SC2=NC3=C(C(=N)C(=O)C3=N)C2=N1
57,401.45779761255824,2.9640079,3.1756192486661052,CC1=C2C(O)=NN3N=NC(C4=NC(=N)N=C14)=C23
58,507.2245439289797,2.914907,3.5111564139781435,CC1=CC2=NC3=C(SN=CS3)C(=O)C(=O)C2=N1
59,568.4040614420259,2.9830143,3.0127828406696233,CC1=NC2=C(C1=N)C(=O)C(=O)N=C(C=O)C2=N
60,437.5580929438669,2.9801893,4.101167759762461,CC(=O)C1=CC(=C2N=NOC(=N)N=C12)[N+]([O-])=O
61,243.65973741518005,2.9235466,3.292927341080221,BrC1=NOC2=C(OC(=N)N=C3N=CN=C23)C1=N
62,410.6663642681237,3.049871,3.6860235551756317,CC1=CN=C2N=C(C#N)C3=C2C1=C(C=O)C3=N
63,435.9564338399384,3.0181983,3.388321150598219,BrC1=NC2=C(NC(=NC(=O)S2)C#C)C(=O)C1=O
64,656.2818761373185,3.0724897,3.2764114834520215,CC1=C2C=NC(=N)C=NC(=O)N=C2C(=N1)C#N
65,530.7854975587087,2.9548097,2.9131462966683053,CC1=C2C=CNC(=O)C(=O)C(=O)SC(=N2)C1=O
66,196.1306522714073,3.0175703,3.1698974370468473,BrC1=NC(=O)N=C2C1=CC(Br)=C1N=CSN=C21
67,647.2582091545237,3.1239634,3.0429428633946216,CC1=NC2=NC(C=O)=NC2=CC(=O)C(=O)C=N1
68,642.8387947093012,3.5598955,3.195387666459265,CC1=NC2=NC(=O)C(=N)C(C=O)=C2C(=O)C1=O
69,710.4670833738778,2.9797783,2.9891281540151375,CC(N=C1C(=N)C(F)=NC(=O)C1=O)(C#N)C#N
70,240.7520637909004,2.921253,3.216037815943975,BrC1=NC2=C3N=CON=C3C(=O)N=C2C(=O)O1
71,427.4733203514805,2.9070024,2.9470667430164887,ClC1=NC2=C(C(=O)C(=N2)C#C)C2=C1SN=NN2
72,485.58918251963314,3.1591086,3.402456999031069,CCC(=O)C1=CC2=NOC3=NC(=O)C(=C23)C1=O
73,242.1995815279567,2.9916975,3.3166965109509996,BrC1=NON=C2C(=O)OC3=CN=C(C=O)C3=C12
74,523.1152330111016,3.0594132,4.023405515845648,ClC1=NC(=O)C2=C(N=CC(=O)SC2=C1)C#N
75,497.8219846925311,2.9247482,2.9576214433792694,CC1=CN=C2N=C3N=NSN=C3S(=O)(=O)C2=N1
76,352.6648216181016,3.0767548,2.854938917161115,BrC1=C(N2CCC3=C2NC=C3)S(=O)(=O)N=NS1
77,389.8174990523368,3.0207841,3.1005442680898176,CC(=O)C1=C2NN=NC(=O)N=C2C(=O)N=C1O
78,373.4236422125473,3.4698372,2.830467410992345,CC1=NC(O)=C2NC=C(OC(=N)C=C1)C(=O)S2
79,457.2946695180234,2.938708,2.9874182407792786,CC1=CC2=C(F)N=C(C#N)C3=NSN=NC1=C23
80,284.9730039624417,3.8508887,4.691369047962148,CCN=C1NN=C(S1)N=C1C=CN=NOC1=O
81,605.0602169708305,3.1393785,3.4645356658153754,ClC1=NSC2=NC3=NSC(=O)N=C3C2=C1C#N
82,245.1425386464859,3.0136144,3.2824699610441654,BrC1=C(C=O)C(=N)N=C2N=CN=C(C=O)N=C12
83,396.60786931363,2.9342992,4.739959214231878,BrC1=NC2=CC(=N)N=C(C=O)C=C2N=C1C#N
84,497.8270704597094,3.4967022,2.9630078594335334,CC1=CN=C(N)NS(=O)(=O)C(=N)SC(C=O)=C1
85,557.2817288012429,3.0106878,2.8040331984627214,BrC1=NN2C(=NC1=O)C(=O)SC(=N)N=C2C#N
86,216.86539483580145,2.9073532,3.0802638639086033,CC(=O)N1C=CC=CC2=C(N)N=C3C=NC1=C23
87,213.4241393127473,3.0048509,3.1081464233435203,CCC1=C(C=O)N=C2N=CC3=C2C1=C(O)C3=O
88,394.28255316156896,2.9406133,3.056944740586467,CC1=NC2=C(Br)C3=NC=NC3=NC2=C(O1)C=O
89,517.4737590515147,2.91653,4.432342937220551,CC1=NC=C2N=CC(=NC2=C(O)C1=O)C#N
90,528.3521726909942,2.9288378,2.959214763990659,ClC1=NC(=N)C(=N)C2=CC(=O)C(=O)C(=O)C=C12
91,453.244538202504,2.9475882,3.3160910155743566,BrC1=C(OC(=O)C2=NOC(=N)N=C12)C(=O)C#N
92,387.4636800984677,2.905603,2.837244836453143,CC1=C2OC(=O)C(Br)=NC2=NC(=O)N=C1C=O
93,392.6626417226044,3.0165308,3.2137743993812697,CC1=CC(=O)NC(=N)C2=C(NC(=O)N=NO2)N1
94,309.1361185419721,2.9061735,2.892201885049444,CC1=C2N=CC=CC(=O)N=C2C(=O)N=CC1=O
95,466.9307132008103,3.2940545,3.169358100309622,CC1=C(O)C2=C(C(=N)N=CO2)S(=O)(=O)N=N1
96,435.9525336461029,2.918867,2.971024560897222,BrC1=NC(=O)C=C2N1C=C1SN=NC1=NC2=O
97,651.7462813124414,3.0580916,3.1074751768084035,CC(=O)C1=CC(C(=O)C#N)=C(N=CC1=O)C#N
98,672.4636135606447,2.937959,3.420235983335741,CC1=NC(=N)C(=N)C2=NOC(=O)C2=NC(=O)S1
99,613.2709957816304,2.995538,4.3594820658463505,ClC1=C2SN=NC=CN2C(=O)S(=O)(=O)S1(=O)=O
100,452.284261899704,3.2394438,4.060083818717099,CC1=C(C#N)C(=N)N=C(C=C1CCN)[N+]([O-])=O
101,323.94410054481176,3.1375544,2.912033105614418,BrC1=NC2=C(C=CC2=O)C2=C1N=CC(=O)C2=N
102,562.3476031875887,3.214269,2.9739084544371304,CC1=NC(=O)C(=O)N=CSC2=CC(=N)C1=N2
103,634.1644304629507,3.0241306,2.9014722208596195,CC(=O)N1C(=NC2=C1N=NOC2=O)C(=O)C#N
104,588.2310256003407,2.9118583,3.430226417598369,CC1=NSC2=C(N=C(C2=O)S(N)(=O)=O)N=N1
105,316.3160510128747,2.9560955,3.187169636577189,CCN=COC1=NC(Br)=NC2=NC(=O)ON=C12
106,539.7610993207128,3.3547578,3.5294058916832705,CC(N)(C#C)C(=O)OC1=NOS(=O)(=O)N=N1
107,595.016790966378,3.1401167,3.0693221594635087,ClC1=NC(=CC(=O)S1)C1=NC(=O)SN=NC1=O
108,385.24039806076746,3.0022693,3.1536267259625044,BrC1=NN2C=COC(=O)C(=N)N=C2C(=O)C1=O
109,621.6980975742865,3.2649322,3.724875193388707,CCN=C1C2=C(N=NS2(=O)=O)C(O)=NS1(=O)=O
110,449.3852421733089,3.1431296,2.998347360697016,BrC1=NC=C2N=C(C=O)C=NN=C2S1(=O)=O
111,466.3494318236743,2.9255018,3.182389195332195,BrC1=NC(=NC=C1)C1=NC2=NC(=O)C(=N)C2=C1
112,527.3057361747508,3.1204395,2.971379564332822,CC(=O)C1=NOC2=NC(=O)N=C3N=NSC1=C23
113,601.4998191467944,3.3645678,3.021750740396795,CC1=NC(=O)C(O)=C2SN=NC2=NC(=O)C1=N
114,370.26436830178966,2.9220304,2.9985151543551374,CC1=C2C(=O)N=C(Br)N=C2SC(C=O)=NC1=O
115,551.9044771191493,3.0670404,3.020126737514374,CC1CCC2=C(NS(=O)(=O)O1)S(=O)(=O)N=NO2
116,521.511807006127,3.1559725,3.4595140811159086,CC(=O)C1=NC(=N)OC2=NC(=O)C(Br)=NC2=N1
117,496.34104168457367,3.0385427,3.150195105993199,CC1=NC2=CC(=N)C=C2C2=NC(=O)C(=N)N=C12
118,545.9708234332078,3.1914442,3.007286927269472,BrC1=NSC(=O)C(OC(=O)C(=O)C(=O)C=O)=N1
119,316.4126838322342,2.979202,3.504678691948833,CCCN1N=C(C=C2C(=O)N=CC2=C1C)C#N
120,517.162367488219,3.4025664,3.0573033396059834,CC1=CC(=N)OC2=C(ON=NS2(=O)=O)OC=N1
121,647.2582091545237,3.056465,2.8384913994994916,CC1=NC(=O)C(=O)N=CC=C(C(=O)C#N)C1=N
122,527.7060520058741,2.9671292,3.4205087439044504,CC1=NC=NC(=O)OC2=C1N=C(C2=O)[N+]([O-])=O
123,560.5081731959124,3.1349647,4.566922270337908,CC1=NOC2=C(O1)C=C(C#N)C(=O)C(=O)C2=O
124,325.9064946224077,2.924229,2.8018353412799892,BrC1=NC2=NC(=N1)N=CC=CC1=CC=C2C1=O
125,245.145005115239,3.0350683,3.1831835784323808,CC1=C2OC(=N)C=C(C=O)N=C2C(=O)N=C1Br
126,597.6813412193744,3.2116656,3.1205946271709033,CCCCC1=C(C#N)C(=NO)S(=O)(=O)N=NO1
127,471.9356961949513,2.9762201,3.9009583112480386,CC(=O)C(=O)N1C(=N)N=C2N=NOC(=O)N=C12
128,383.0424850166413,3.2310076,3.0739614143375724,BrC1=NON=C(C1=N)C1=C(C=O)N=NOC1=O
129,501.8614249513541,2.9115133,4.372041660689929,CC1=NC2=NC(Cl)=NC(=O)C2=C(C#C)C(=O)S1
130,701.0970750484759,2.93595,4.367228140114325,CC(=O)C(=O)C1=C(C#N)S(=O)(=O)N=NC=C1
131,518.1633839543679,3.010036,2.854384958401888,ClC1=NC(=O)C(=N)N2C1=COC(=O)C=NC2=O
132,572.4427439974139,3.0924819,3.738549872956481,CC1=NC2=C(C=O)C3=C(C=NC(=O)C3=O)C2=N1
133,609.2915727457219,3.0309892,3.0878693510623654,CC1=NC(=N)C2=C(C=NC(=N)SC2=O)N1C=O
134,395.5544373396988,2.9631934,2.8264579096794256,CC1=NC2=C(ON=N2)C2=C(NC1=O)N=CC2=O
135,401.46771998851153,2.9273403,3.1359202524893255,CC1=CC=C2C(=O)N=CN=C2C(=O)C(=O)C=N1
136,432.143695840222,2.9669602,5.4674532986711695,CC1=C2SN=NSN=C2C2=CC(=N)N=C2C1=O
137,690.2160367583415,3.0920591,2.816711135771289,CC(=O)C(=O)C1=NC(=O)C(=NC(=N)O1)[N+]([O-])=O
138,534.293915674429,3.0494514,4.932255537898537,CC1=C(O)C2=C(SN=NC2=N)C(=O)N=C1C#N
139,510.04654056429655,2.9459474,3.058496352499639,BrC1=NC(=O)SC(=N1)C1=CC(=O)N=NS1
140,461.0210652812947,3.2085521,3.2971526250361998,BrC1=CC(=O)C2=NC=NC(=O)C(C=O)=CC2=N1
141,289.06627489565545,3.0600395,3.7334499286118166,CC1=CSC(=O)C=NC2=COC(C(N)=C2)=C1O
142,325.9064946224077,3.1556356,3.3018426974305153,BrC1=NC2=CC(=N)C(=N)C(=O)C3=C2C(=C1)N=C3
143,321.9988142501645,2.9793222,3.232727771487285,CC1=NC2=C3N(N=N2)N=C(Br)C2=NC(=O)C1=C32
144,489.665513194589,3.1206048,2.960683198182834,ClC1=NSN=C2N1C(=O)N=CC(=O)C(=O)C2=N
145,394.28255316156896,3.03464,5.766204869046947,CC1=NC(=O)C2=C1C(Br)=CC1=NC(=O)C(=N)N21
146,605.3738480659862,3.0063858,2.9876078476108847,CC1=NC=CSC(=N)OC(=O)N=C1C(=O)C#N
147,374.3904637687789,3.010721,2.8752767067925262,CC1=C(SN=C2C=C(Br)C(=O)N=C12)C(=O)C#N
148,453.2403225479748,2.913398,3.9087576240415856,BrC1=NC(NC=O)=NC2=C1NN=NC(=O)C2=O
149,463.66552921112094,3.1493134,3.809250712624476,BrC1=NC(=N)C2=NC3=C(N=CC(=O)C3=N)C2=N1
150,384.09660161286496,3.6214128,2.950259856282688,CCCCC1=NC=CSC(=N)N=CC=C1C=O
151,496.5800547920691,2.9307892,2.9211922421705485,BrC1=NN(C=C(C=O)C1=O)C1=NC(=N)SN=N1
152,109.74202772096032,3.1221478,2.9323790931486,CCCN1N=C2N=NOC3=C2C1=C(N)C=C3N
153,197.6404155296109,2.9597485,3.27259818086002,CC1=CC2=C(N=CN=C3N=C(O)N=C3S2)C1=O
154,550.8260216475908,3.1695998,2.9296873952620257,CC(=O)CC#CCCC1=NS(=O)(=O)ON=N1
155,372.3142780142183,3.107516,3.3652710963879753,BrC1=NC=C2C3=C(ON=C2S1)N=C(C#N)C3=O
156,289.06627489565545,3.3520298,2.851365391718266,CC1=C2C=C(O)SC(C)=CC(=O)C=C1ON=N2
157,489.1151101726461,3.2061148,2.9942615851768055,CC1=NOC2=NC3=C(C(=NC3=N)C#C)C2=NO1
158,383.04609814282713,2.9508386,3.2126052371584692,BrC1=NC(=O)C2=C(OC(=O)N=CC(=O)N2)C1=O
159,493.97462725041873,3.0659819,2.9346377875111314,BrC1=NC(=N)OC(=N1)C1=NSC(=O)C(=O)N=C1
160,394.28255316156896,3.1162689,3.0849550149868143,BrC1=CN=C2N=CC(=NC(=O)C2=C1)C(=O)C#N
161,625.7279372254498,2.979242,3.0211868578318453,CC(=O)C(=O)N1N=NOC2=NC(=O)C(=O)C2=N1
162,473.5116187047892,3.1386237,2.8437087274956703,CC1NC2=NC3=C(C=CC12)S(=O)(=O)N=NO3
163,722.4160771940982,3.1851313,3.7120839953611804,CC1=NC(=O)C2=NC(C=N2)=NC(=N)C=NC1=O
164,660.8964064479602,2.9022274,4.696794583914703,CC1=CC2=C(C(=O)C(=N)C2=N)C(=NC1=N)C#N
165,463.6699410297098,3.2127237,2.8133788256937176,BrC1=NC(=NC2=C1C=CN=C2C=O)C(=O)C#N
166,651.7462813124414,3.001651,2.853998385792586,CC1=CC(=N)C=NC(=O)C(=C1)C(=O)C(=O)C#N
167,536.9252448787892,2.9744656,4.24889334228621,ClC1=CC(=O)C(=CS1)C1=NC(=O)SN=NC1=N
168,325.9097641540163,3.059701,3.092787383127077,BrC1=C(C=O)C(=O)C2=C(C3=CC=NC3=C2)C1=N
169,457.2998192225213,3.0561197,2.8919968651742405,CC1=C2SC(=N)C(F)=C3C=NC(=C23)C(=N)C1=O
170,625.3171228309726,2.9115932,3.510502977535301,CC1=NC(O)=C(SC=NC=NS1(=O)=O)C(O)=O
171,213.42133512866323,3.200221,3.085850122210965,CC12N=CN(CCCOC3=NC1=NO3)C2C#C
172,394.1055482680938,2.9030347,3.1181464937604715,CCC1=CC(=O)C2=C(C=O)C(=O)C(=O)C2=C1F
173,394.2787249490092,3.040891,3.2249361532181386,BrC1=NN=C2N=CC(=O)C=CN=C(C#N)C2=N1
174,311.5228387605568,3.1395588,3.487184453483509,CC1=C2N=CN=C2C(=N)C2=C1N=CC(=O)C2=O
175,368.2369080114312,3.0345976,3.327613166209075,BrC1=NC2=C(C3=C(C2=O)C(=O)ON=C3)C(=O)S1
176,563.1196479487414,2.9877844,3.0610739027509593,BrC1=NN2C(SC(=N)C(=NC2=O)C#N)=CC1=N
177,216.86829025508004,3.3890595,3.169295609156752,CCC1=C2C=CC(=O)N=CC=C2C(=O)N=C1C
178,388.5215892479352,3.1484008,3.457339715047276,BrC1=NC(=N)SC2=C1C(=O)C1=C2C(=O)N=C1
179,243.65973741518005,3.0153446,3.269819278209144,BrC1=CN=C2C3=CC(=O)NN=NN3N=C2C1=O
180,522.0894177630804,3.1549883,2.9544256933508053,CCC(N)=NC1=C(C(C)N)S(=O)(=O)N=NS1
181,325.9064946224077,2.9590936,2.9757920580662782,BrC1=NC2=C(C=CC=C2)C2=NC=NC(=O)N=C12
182,387.7583517078356,2.9104066,3.5194602822973997,BrC1=NOC2=C3C(Br)=NC=NC3=NC(=N)C2=N1
183,587.6087799532718,2.927704,2.9825462321320146,CC(O)(C(=O)C(=O)C#N)C1=NOC(=O)C(Cl)=N1
184,223.2176608751918,3.1318483,2.956494493243956,CC1=C2OC(=N)C(=C2)N=CN=COC(N)=N1
185,455.8002933702654,3.071145,3.6394154874185696,BrC1=NC(=N)C2=NN3C(=NON=NC3=O)C2=C1
186,452.6925771851302,2.9549553,3.157955802277726,CC1=CC(=O)C2=CN=C(O)C(=O)C2=NC(=O)S1
187,618.5067974660791,2.9356418,3.1769255941895262,CC1=NC(Cl)=NC(=N1)C1=NSC(=O)N=N1
188,647.2508401759345,2.9869678,2.96988888549415,CC1=NC2=C(NC(=N)C(O)=N1)C(=O)C(=N2)C#N
189,170.13665626844946,2.99395,2.966852970899198,CC1=CC2=C3C1=C(Br)C(=O)C=C3C=C(O)C2=O
190,347.4595420884684,2.997091,3.4844117831706387,ClC1=C2SC(=N)N=C2C2=C3N(N=N2)C(=O)N=C13
191,389.7015531546872,3.0678344,2.967332141662301,BrC1=NC2=CN3C(=N)N=CC3=NC(=O)N2N=N1
192,373.42793464793294,3.0039427,3.197629413672823,CC(=O)C1=C(O)C(=O)C=C2SC(=O)NC2=C1C
193,504.0511400162474,2.948099,3.110677063293799,CC1=CC=NC(=O)N=C2N=NSC(S1)=CC2=O
194,560.365981234306,3.4091048,3.403680502428157,c1nc2nccnc3nnocc(n3)sc1[nH]2
195,717.5981321643497,3.1529949,3.3872244033122105,CC1=NC(=N)C2=NC(=O)C(=N)C(=O)C(=O)C2=N1
196,489.1151101726461,3.2347965,3.4336415698186262,CC1=C2N=CC3=NC(=O)N=C3C2=NC(=N)C1=O
197,489.1210014915257,3.0548599,4.5306419979895844,CC1=CN=CC(=O)C(=C1)C1=NC(=O)C(=O)C1=N
198,320.08936621501863,3.130612,3.190168588611665,CC1=C(Br)C(=O)C(=O)C2=C1C(N)=C(C=O)C2=O
199,524.4215078619496,3.4227228,3.9641002864255372,BrC1=NC(=O)C2=NC(=O)C3=C(C(=O)C=N3)C2=N1
200,600.253461929784,2.900709,4.155468902950987,CC1=CC=NC(=O)C(=NO)C2=NC(C=N2)=N1
201,389.7127729044724,3.0553849,2.966822048925479,CC1=C(Br)C(=O)C2=NC(C=O)=NC(=O)C=C2O1
202,419.4740840764362,2.9049766,3.3283955640549743,CC1=C(Cl)OC2=C(O1)C1=NC(=O)SC1=NC2=O
203,529.0283154451022,2.9088163,3.089209303256859,CC1=NC2=CC(=O)C(=O)SN=C2C(C#N)=C1F
204,576.5324082459464,2.9028687,4.414202045974747,CC1=NC=C2C(=O)N=C(C=NC2=CC1=O)C#N
205,540.3259163475431,3.1696093,3.650487471664204,BrC1=NC2=NSC=C(C#N)C3=C2C(SC3=O)=N1
206,636.3002027872697,3.0516806,3.3520936852970036,CC(C#N)C1=NC(=O)C2=NC(=O)C(=O)C(F)=C12
207,609.2915727457219,2.922991,3.6895910640346945,CC1=NC2=NC(C#N)=C3ON=NC(=O)C(S1)=C23
208,556.6292081911722,2.9739153,3.024970125363696,CC(=O)C1=NC(O)=NNC2=NC(=O)C(=O)N=C12
209,523.8881995318193,2.9152367,5.273018564709639,CC1=CC(=O)C=C2N=NOC(=O)C2=CS1(=O)=O
210,455.7605622190417,3.094033,2.9479227303668756,CC(C)(CC#C)C#CCC1=NS(=O)(=O)ON=N1
211,581.5606139973892,3.0820382,2.9396922118385187,BrC1=NC(=O)N(N=N1)C1=NC=NN1C(=O)C#N
212,568.3974314474467,3.0174024,3.1597314426854397,CCNC1=NN=C2C(=O)C(=O)N=C(C#N)C2=N1
213,594.433320813835,3.315277,3.633836588084098,BrC1=NC(=O)C(=O)C2=C(C#N)C(=N)C(C#N)=C12
214,404.4861241677282,3.0701592,3.7300430701944802,CC1=CC2=C3C(=NC2=N)N=C(C=O)N=C3C1=O
215,407.55537230094177,3.157134,3.691196082265321,CC1=C2C=C(C=O)N=C3N=C(C#N)C(C1=O)=C23
216,500.0377459955429,2.911236,3.842906212787869,CC1=NC(=O)C2=CC(=CC(=N)N=CC2=C1)C#N
217,572.4427439974139,3.0297518,2.9152393307647873,CC1=NC(=O)C2=CC(=O)C=NC=C2C(C=O)=N1
218,210.08495620436693,3.2127821,3.866230226093886,CCC1=NC2=CN=CC(O2)=CNC(=O)N=C1O
219,458.8704156575405,2.9544013,2.9306193691655773,CC1=NC2=C(C1=N)C(=NO)C1=C2SC(=O)N=C1
220,458.3979707166777,3.1545994,3.4772256603053866,CC1=NON=C2C(=NC(=O)C(Br)=C2C#N)C1=O
221,622.7828359950083,2.9285085,3.494608603638317,ClC1=NON=C2C(C=O)=NC(=C12)S(=O)(=O)C#N
222,455.7605622190417,3.069837,3.2793650592935566,CC(=O)C1=C2C=NC=C2C2=C1SC(=O)N=NO2
223,401.3457328800681,2.904488,3.4234854273276096,BrC1=NC2=NC3=C(C(=CC3=N)C#C)C2=NC1=N
224,568.4040614420259,3.1219535,2.9016450483259586,CC1=NC(=N)C(=O)N=CC(=N1)C(=O)C(=O)C#C
225,458.8652305191733,2.9141428,4.2639976477695365,CC1=CC2=NSC(=N)C2=C2NN=NC(=O)N=C12
226,455.8002933702654,2.9023345,3.204777663126462,BrC1=NN2C(=NNN=NC2=O)C2=C1C=NC2=O
227,374.3904637687789,3.1771924,4.581059820684367,CC1=NC(=N)N=C2C(=O)C(Br)=C(SC2=C1)C=O
228,584.8895829744656,3.093237,4.397822988111968,CC1=CN=C2C=C(C#N)C(=N)N=C(C#N)C2=N1
229,322.0020058468302,2.932998,3.494762973798774,CC1=NC=C2C=C(Br)C3=NC(=O)ON=NC3=C12
230,493.9789193536857,3.1250823,3.284865095620812,BrC1=NC(=O)SC2=C1C(=O)N=C(C#N)C(=O)O2
231,647.2582091545237,2.9648907,2.9259415936608435,CC1=C(C(=O)C=O)C2=NC(C=O)=NC=NC2=N1
232,387.4599831534257,2.9560056,3.0866554838168754,BrC1=NN2C=C3N=CC(=O)C(=O)C3=NC2=NO1
233,556.6355664885784,2.9846816,2.9074152564138207,CC1=NOC(=O)OC2=C1C=NC(=O)C(=O)C2=N
234,568.580740310344,2.9458458,3.1717760068923044,CC1=C(N)SC(=O)C(=N)OC(=O)N=C(S1)C#N
235,463.7057360143948,3.2726216,3.0936189205362634,CC(O)C(N=C1N=NOS(=O)(=O)N=N1)C#C
236,510.1934554583879,3.2760243,2.8751443894918904,BrC1=NC(=O)N(N=N1)C1=NC(=O)C(=O)N=NO1
237,572.4360194524463,3.173548,4.725683833371191,CC1=NC(=N)C2=CC(=O)C(=N)C(=O)N=C2C1=N
238,476.956324731944,2.927376,4.173900125160537,CC1=C(F)C2=C(N=CC(=O)C(=O)O2)C(=N1)C#N
239,482.10227904574873,3.0807292,4.016565023937355,CC1=NC(=O)C2=NC(=O)C(C=CC(O)=N1)=C2O
240,314.4701686903633,2.9322717,2.882262196377185,BrC1=NC(=O)OC(=C1)C1=CC(=O)C(=O)ON=C1
241,316.3160510128747,3.0731256,4.691801715875177,BrC1=NN2C=CN=C3C2=C(N=NOC3=O)C1=O
242,651.7462813124414,2.9815276,2.888001242791366,CC1=C(C#C)C(=O)C=NC(=O)C(=O)C(=N1)C#N
243,478.66509583496594,2.9318948,3.0361348755168622,CC1=CC(=O)C(=N)C(=O)C2=CC(=O)ON=NN12
244,444.80541451697337,3.374248,6.999971125498871,CC1=NC2=CC(=C(C=O)C=CN2C1=O)[N+]([O-])=O
245,469.0645865851987,3.3661528,3.4531300119186015,BrC1=C(C#N)C(=O)C2=C3C(C=N2)=NC(=N)C=C13
246,564.4350421595869,3.0169847,3.277721352643104,CC(=O)C1=NC(=O)C(=O)C(=O)C2=C1C=CC2=O
247,391.9805610681683,3.0467715,2.9209693163274464,BrC1=CC(=O)C2=NC1=NC(=N)N=CN=CC2=O
248,374.3904637687789,2.943089,2.952584996949663,CC1=NC2=C(SC(=O)C=C1)N=C(Br)C(=N)C2=O
249,568.580740310344,3.069327,3.462956967220538,CC1C(=N)NC2=C1C(=O)C1=C2S(=O)(=O)N=NS1
250,595.016790966378,3.0964177,3.4104567293700643,ClC1=NC(=O)SC(=C1)C(=O)C1=NC(=O)SN=N1
251,561.7840845635689,3.0044763,3.127455230341798,CC1=C(C2=NSC3=C2N=NN3)S(=O)(=O)N=NO1
252,437.285002182461,3.5206127,2.8756854041860804,ClC1=NN=CC2=C1S(=O)(=O)N1N=NNC1=C2
253,391.9805610681683,2.9987435,3.1093246464341924,CC1=NC2=C(N)N=C(Br)C(=O)C2=NC(C=O)=N1
254,705.6077336769365,2.9185417,3.2795911013152,CC1=NS(=O)(=O)C(C#N)=C2C(=N)SN=CC2=N1
255,510.4328125238392,2.9604278,2.807888856961097,CC1=NC2=C(C=NSC(=N)S2)C2=C1N=CC2=O
256,453.244538202504,2.924021,3.1355989755815914,BrC1=NC(=O)C2=C(OC=NC(=N)N2C=O)C1=O
257,389.7090329160951,2.9400291,2.9238486554454366,BrC1=NC2=CC=NC3=NC(=N)OC(=O)C(O1)=C23
258,387.4599831534257,2.9894302,2.9385365929511007,BrC1=NC(C2=NC(=O)ON=N2)=C(OC1=N)C#C
259,440.8132835959688,3.0416028,2.9193640104399683,CC(CC1CC2=C(O1)S(=O)(=O)N=NO2)OC=O
260,496.3471083608911,2.9040904,3.5807917159879747,CC1=CC(=N)C2=C3C(=NC2=O)C(C=O)=NC=C13
261,732.2486946460674,2.9850123,2.853011303655247,CC1=NC2=NC(=N)C(=N)N=C2C=NC(=N1)C#N
262,395.3966970568953,3.0625148,3.495872329560607,ClC1=NC(=O)C2=C3SC(=O)N=C3C(=O)C2=C1Cl
263,501.85625642122574,2.9111161,3.260281886822353,ClC1=NC2=CSC(C#N)=C3N2C(N=CC3=O)=N1
264,288.0242567205196,2.9721272,3.784501148400372,CC1=NC2=C3C1=CN=C3C(F)=C1SC(=O)N=C21
265,495.6859423180035,2.9083643,3.178017930886129,ClC1=NC=NN2C(=O)C3=NC(=O)N=CSC3=C12
266,379.73524429603225,3.3090935,2.8977701654649257,BrC1=C(NC=NCC2CN2)S(=O)(=O)N=NO1
267,651.7388097875167,3.0547087,3.331735616624736,CC1=NC=CC(=N)C2=NC(=O)C=NC2=NC1=O
268,391.9843447829598,2.9262075,2.9685464882968153,BrC1=NC2=NC=CC(=O)C(=O)N=CC(=C1)C2=O
269,551.1690719669253,2.9108644,2.8938433145052898,ClC1=NSC2=C(O1)N=CC(=N)C(=N)S2(=O)=O
270,398.4891426919598,3.247356,2.947914676269367,CC1=CN=C2N=CC=NC(=O)N=C2C(=O)C1=O
271,325.9064946224077,2.9294405,3.4472615486526315,CCC1=NC2=C(Br)N=C3C(=O)C(=N)C=C3C2=N1
272,373.41505763781,3.211358,4.954760023019923,CC(N)C1=C(O)C=CN2N=NSC2=NC(=N)N1
273,629.9214273899249,3.1204836,2.8922283005690335,CC(O)(C(=O)C(=O)CC#N)C1=NC(=O)ON=N1
274,470.2008626453647,3.2629657,2.9348849236036463,CC(C)(OC=N)C1=C(OS(=O)(=O)N=N1)C#C
275,398.4891426919598,2.9242299,2.858918958719412,CC1=NC2=NOC(=O)C(=O)C2=C(N=C1N)C#C
276,621.368599366554,2.913179,3.091590295233228,CC1=NSC2=C(C(=NC2=N)C(=O)C#N)C(C)=C1
277,651.7388097875167,2.966595,2.9467423499356635,CC(C)C1=NC(=O)N=C(C#N)C(=O)C(=N)C=N1
278,243.6621741360148,3.0889223,3.2765298259224607,BrC1=CC(=O)N=C2N=C(C=O)N=CC(=O)N=C12
279,387.4599831534257,3.064557,3.1625439999452,BrC1=NC=C2OC3=NOC(=N)C(=O)N=C3C2=N1
280,482.10227904574873,3.0441453,2.8146071471448018,CC1=C(C)C(=O)C(=O)OC2=NC(=O)N=C2C=N1
281,562.801984658647,2.9124463,3.0582928427649945,ClC1=C(SC(=O)C2=C1NN=NC2=O)C(=O)C#N
282,507.2245439289797,2.9807777,2.9722377090291987,CC1=CC(=O)N=CC2=C(S1)C(C=O)=NC=NS2
283,527.3171483460098,2.9828115,3.321258341050321,CCOCC1=NC(=O)C2=C1C(=O)C(=O)C(=O)S2
284,448.0755473883997,3.0557234,2.934524886357104,CN1CC1C1=NSC2=C(N=C1)S(=O)(=O)N=C2
285,587.9265135640245,2.9502287,3.4120670690575845,BrC1=NC(=O)C2=NC1=NC(=N)C=NC=NC2=O
286,220.23464165567563,2.9033241,2.924285877780384,BrC1=NSC(Br)=C2C3=NC(=O)OC3=C(Br)N=C12
287,602.6604898379618,3.0470297,4.414584543597481,ClC1=NC(=O)C2=CC(C=O)=NC(=N)C=NC2=N1
288,681.7504867237279,3.061848,2.9879022056179347,CC1=NN=CN=C(S(=O)(=O)C(=O)C=O)S1(=O)=O
289,537.6172334601584,2.910245,5.251992101980587,BrC1=NSC(=N)C=C1C1=NC(=N)N=NSC1=N
290,705.7991134776897,3.288806,3.201515514742267,CC(C#N)C(=O)C(=O)C1=NOC(=N)N=N1
291,437.5580929438669,3.1027064,3.270061140785304,CN1C=C(C2=C(N=CC(=O)C2=O)N=N1)[N+]([O-])=O
292,463.66552921112094,3.2042904,2.8669757149273227,BrC1=NC=NC2=C1C=NC=NC1=NC(=O)N=C21
293,489.1151101726461,3.1849995,2.9167587023149326,CC1=C2N=CN=C2N=C(C(=O)C#N)C(=O)C=N1
294,328.63222079054395,2.9143248,3.168275351824079,BrC1=NN2C(=N)C(=N)C3=C2C(=N1)N=C(Br)C3=O
295,248.1604225053674,3.3034058,2.9387623952918576,BrC1=CN=C2C=CC3=NC(=O)N=CN=C3C2=N1
296,560.5017261197866,3.0633688,3.0946987685920346,CC1=NC(=O)C(=N)C(O)=C(N=C1O)C(=O)C#N
297,314.4640806762816,2.9960556,3.744746037230342,BrC1=NON=C2C1=NC(=O)N=CN=CNC2=O
298,492.704572583367,2.9479465,4.192317252707623,CC1=C2C(=N)C3=NC(=O)C(=O)C3=C2N=CC=N1
299,413.7959853731889,3.0239975,5.156130148186624,CC1=C(C#C)C(=O)N=C2SN=NC2=C1[N+]([O-])=O
300,530.3344671134508,3.1495454,3.361190834073182,BrC1=NC2=CC(=O)C(=N)C(=N)C2=C(C#N)C1=O
301,463.66552921112094,3.2051218,4.185310573162841,BrC1=CC(=N)C2=NC=NC(=N)C(=O)N=CC1=N2
302,385.2330888490504,3.0300045,2.8278975313033334,BrC1=C(N=C2N=NOC(=O)C2=N1)N1C=NN=N1
303,478.66509583496594,2.9309883,3.1091646431869977,CC1=NOC=C2N=C3C(=NOC(=O)C3=O)C2=N1
304,322.0020058468302,2.9671254,3.171942122609812,CC1=C2C(=O)NC3=C2C(N=C(Br)C3=O)=NC1=N
305,597.6876247113707,3.0803144,2.810301250322012,CC1=NC(=O)C(=O)C2=C(SC1=O)C=NC(=O)O2
306,455.8002933702654,3.0111802,3.3407149742766316,BrC1=NNC2=NC3=NOC(=N)C(=O)N=C3C2=N1
307,552.816105045023,3.077434,2.9523790422176277,CC(=O)C(=O)CN=C1ON=NC(=O)C(C=O)=N1
308,396.611742889225,3.191989,3.9232660223484292,BrC1=NC2=NC=C(C#C)C3=NC(=O)C(=C23)C1=O
309,320.0830586885172,3.011087,2.894115859338856,CC1=NC2=C(N=C(O)N=C2Br)N=C(C#N)C1=O
310,176.40426585421048,2.9944346,3.5889563395362445,BrC1=NC2=C3C(=CN=C3C(Br)=C(Br)C2=O)C1=N
311,396.60786931363,3.1193829,2.851101236560521,CC1=NC(C)=NC2=C(N=C1)C(=N)C(=O)C(Br)=N2
312,517.162367488219,3.168076,2.9136676555240997,CC1=C(C=O)C(=NO)C2=C(N1)N=NS(=O)(=O)O2
313,545.1335715878342,2.97917,3.2809782754405794,CC1=CC(C#N)=C(N)C2=C(S1)N=C(C#N)C2=O
314,203.1044656903102,2.9581578,4.885127813188388,BrC1=CC(=O)C2=C(C=O)C(=O)ON=CC2=C1Br
315,325.9097641540163,3.0866644,2.9775248871188853,BrC1=CC=NC2=C1C1=C(C=CC(=O)C1=O)C2=N
316,314.4671246538568,3.0237236,4.722233492420322,BrC1=CC(=O)ON=C1C1=CC(=N)C(=O)ON=N1
317,376.0380622713302,3.8014445,4.426364617054665,CC1=COC(=O)SC=NC2=C1N=CC=CC2=O
318,562.441927291233,2.9289496,3.2678789603191247,CC(C#N)C1=NC(=N)C2=C(F)C(=O)C(=O)N=C12
319,676.6927672028283,2.9321733,2.8087791221609812,CC1=NC(=O)SC=NC(=NC2=C1N=NO2)C#N
320,468.6522729436053,2.9902813,2.9026223504900885,CC(O)C1=NC2=C(ON=NC(=O)C2=O)C(=O)O1
321,496.34104168457367,3.2350235,4.0389535396721605,CC1=C2C=NC(=O)N=CC2=C(N=CC1=N)C#N
322,492.704572583367,2.938805,3.427061397784199,CC1=NC2=NC(=O)C3=C(C(=O)C(C)=C3N)C2=N1
323,577.7731556084433,2.9142938,3.114301166548763,ClC1=NC=C2N=NC(C=O)=NC(=O)C2=N1
324,453.2403225479748,3.2361455,3.3207949908444596,BrC1=NC2=NC3=NOC(=O)C(=O)C=C3N2N=N1
325,302.18296119528753,3.0686097,2.846981470836763,CC(N=C1N=CC2=C(ON=C(O)O2)C1=O)C#N
326,374.38701208745664,2.9148817,3.1405467310902324,BrC1=CN2N=C3SN=NC=C3C2=C(C#N)C1=O
327,455.7503321427647,3.58678,2.9304062712253227,CC1=CN=C(N)N2C(SC(O)=NC=NC2=N)=N1
328,527.7060520058741,3.033214,2.8370675984191998,CC1=C(N)N=C(C(=NC1=O)C(=O)C=O)[N+]([O-])=O
329,548.6880441899666,2.9367733,2.8930060241552966,CC1OC1C1=C(CS(O)(=O)=O)OS(=O)(=O)N=N1
330,536.1270264470538,3.0077286,2.923199941208218,CC1=CC(=O)C(=C2N=C(OC2=N1)C#N)[N+]([O-])=O
331,536.9252448787892,3.3082914,3.1252633657916595,ClC1=NC(=O)C2=C(C3=C(SN=N3)C=NS2)C1=O
332,568.5864268194279,3.0381186,3.3342664243641695,CC1=CC2=NC(=CN=CS(=O)(=O)C1=O)C(=O)S2
333,455.80455678083104,4.2552567,3.0560288269373936,BrC1=C(C=NOC1=O)C1=C(N=NOC1=N)C#N
334,536.1748547845549,2.9072578,3.179943243235296,CC(=O)COC1=NC2=C(O1)ON=NS2(=O)=O
335,401.3496995561025,3.0083625,3.8827908366907633,BrC1=NC2=C3C(C=C2C#C)=NC(C#N)=C3C1=O
336,325.9064946224077,3.0962117,3.474010733860253,BrC1=CN=C2C(=C1)C(=N)C=NC=CC(=O)C2=N
337,428.7762928041786,3.358913,4.260669748251394,CC1=C(C#N)C(=N)N=CC(C#C)=C1OC=O
338,440.8084985096965,2.9516387,2.930749049693047,CC1(CN)OC2=C(CC(=N)O1)ON=NS2(=O)=O
339,373.3000624051404,2.9411404,3.159350407257275,BrC1=CN=C(C(=O)C#N)C2=NSC(=N)C(Br)=C12
340,498.7545684592965,3.005894,3.0467009379069414,ClC1=NC(=N)C2=NSC(=O)C3=NOC=CC1=C23
341,668.2869938139978,3.100658,3.3961937892151215,CC1=NC(=N)OC2=NC(=NC2=O)C(=O)C(=O)S1
342,458.3893466701298,2.9440715,2.9065891603101455,BrC1=NC(=N)N(N=N1)C1=CC=NC(=O)C(=N)N1
343,389.7090329160951,2.9675932,3.345737038392374,CC1=C(O)C2=NC(C=O)=NC(=O)N=C2C(Br)=N1
344,245.1425386464859,2.9728587,4.384343572430082,CC1=NC(=O)N=C2C3=CN=NOC3=C(Br)N=C12
345,640.2119926803555,2.9007,2.990208409565478,CCC1=COS(=O)(=O)N=C(C#N)C(=CS1)C#N
346,492.7105506891436,3.0012696,3.535764719917784,CC(=O)C1=CC2=C3C=NC=C3C(=O)C(=O)C2=N1
347,455.755447123496,2.9362452,3.568266902372263,CC1=C2C3=NC(=O)NC3=CN=C2N=NSC1=O
348,323.94410054481176,3.1684022,3.504315226904805,BrC1=CC(=N)C2=CC3=NC(=O)N=C3C=C2C1=O
349,347.4632583672365,3.0631404,3.1295600819061358,ClC1=CN=C2N=C(C=O)C3=NSC(=O)C=C1N23
350,327.03670921396053,2.949835,3.0471374411283754,BrC1=NC(C=O)=C(Br)C2=CC(=O)C(=O)C=NN12
351,496.34104168457367,3.6793504,3.7951819337039807,Cc1cnc2ncnc(cnc3OCc1c3)n2
352,327.03670921396053,3.019214,3.458570841055233,BrC1=NC(=O)C(Br)=C2N=COC(=O)C(C#N)=C12
353,422.1026357095924,2.9260108,3.1891486429006615,ClC1=NSN=C2N1N=CC1=C(C=NC1=O)C2=O
354,647.2582091545237,3.0018866,4.277950097752144,CC1=NC2=NC(=NC=CC=NC(=O)C2=O)C1=O
355,435.9564338399384,2.9537742,2.913084452720867,BrC1=C(N=C(C(=O)C#N)C(=O)O1)C1=NSC=C1
356,325.9064946224077,3.006451,3.3921444488849484,BrC1=NC=C2N=CC(=N)C(=N)C3=C2C1=CC3=O
357,642.8387947093012,3.0918345,3.2847783223376985,CC1=NC(=O)C(=O)C(=O)C2=C1C(=O)C(=N)C=N2
358,398.4891426919598,3.0006237,2.951436257605684,CC1=CC2=C(N=C3C=NC(=O)NC3=NO2)C1=O
359,455.80455678083104,3.00282,3.0279559894924453,BrC1=NC2=NC(=O)C3=NOC4=NC(=O)C1=C4N23
360,556.1474134026464,3.1765804,3.1891428899762055,ClC1=C2C(N=NO1)=NC=C(C=O)C(=N)S2(=O)=O
361,334.9329947475633,2.9447672,3.363159796747762,CC1=CN=C(O1)N=C1N=C(C(=O)C1=O)[N+]([O-])=O
362,534.2997739407782,3.0772069,3.0851899260842033,CCN=C1C=C2C(=N1)C(=O)C(=O)C(=N)SC2=O
363,410.6715556013876,2.9931283,3.075141483152565,CC1=NC2=C3C1=CC=C3C(=CC2=N)C(=O)C=O
364,475.2765769628945,3.1432652,3.6319738867336944,CC1=NOC(=O)C2=C3C(ON=N2)=NC(=O)N=C13
365,378.7512081417328,3.2044857,3.1825811992070276,CC1=NCC=CC2=C(F)OS(=O)(=O)N=C2O1
366,572.0353588906125,2.9818287,3.09026256800661,CC1=NSN=C2SC=NC(=O)N=CC(=O)C1=N2
367,527.3589675531684,3.024788,3.0863949242375965,BrC1=NC2=NC(=O)C=NC=NC2=C(C=O)C1=N
368,387.4599831534257,3.2312365,3.478198623815444,BrC1=NC2=C(C(=O)N3C(=N)ON=C23)C(=O)C1=N
369,489.1268929523274,2.9338355,4.976563801832493,CC1=CC2=C(C(=NC2=O)C#C)C(=O)C(=O)C1=O
370,309.1400408247359,3.2455983,2.805618273214453,CC1=C(C#C)C2=C(C=NC2=O)C(O)=C(O1)C=O
371,500.9223466449828,2.9105964,3.2483172403390577,CC1=C(C=O)C(=O)N=C2SC(=O)SC(=N)N=C12
372,368.3065430706156,2.9568377,2.824499230367325,CCCC1C2N1CCOC1=C2ON=NS1(=O)=O
373,318.1899641598337,3.077169,3.0141254775696447,BrC1=CC(=O)C2=C3ON=CC(=N)C3=NOC2=N1
374,323.8839665274806,3.0179236,2.839902687976858,BrC1=NC(Br)=C2C(=N1)C(=O)C(=O)ON=C2C=O
375,571.4438949897408,3.7033796,3.3256178599338866,ClC1=NC2=C(OS(=O)(=O)N=NO2)C(=O)C1=N
376,496.5843922916128,3.0140672,3.2664866565017276,BrC1=NSC(=O)C(=N1)C1=C(C#N)C(=O)N=CO1
377,429.3844675555873,2.9327748,3.035160090255479,CCN=C1SC2=C(SN=N1)N=C(C(C)=O)C2=O
378,372.31769158179605,2.9209716,5.224177666790728,CC1=C(C=O)C2=C(N=NS1)C(=O)C(=O)C=C2Br
379,581.5658194562388,2.931309,2.928777953650922,BrC1=NN2C(=O)C=NC(=O)C2=NN1C(=O)C#N
380,205.1857302470036,3.0952792,3.2024005064203465,CC1=C(C)C(=N)C=CC2=CN=CN=CC2=CS1
381,432.9846461215677,3.4788747,2.8645836965019664,ClC1=C(NC2=CNC=C2)S(=O)(=O)N=NS1
382,455.755447123496,3.105262,3.394954273504094,CC1=NC2=NN3N=C4SC(=O)N=C4C3=C2C1=O
383,289.68845164362926,3.4173956,3.809085795442208,CC1=NC2=CC(Cl)=NC(O2)=C(N=CC=N1)C#C
384,452.68753072268527,2.9398298,3.011399310060522,CC1=NC2=C(O1)C1=C(N=NS1)C(=O)C(=O)N=C2
385,618.1207215179156,3.016223,3.3107292891421785,CC(NC1=COS(=O)(=O)N=N1)S(=O)(=O)C(N)=N
386,215.13100629387523,3.6349506,3.2745920489027323,CC1=CN=C(O)C2=C(N1)C=CC(C=O)=CC=N2
387,416.8695082724185,2.9831994,2.8257339519646485,CC1(CCCC(=N)O1)C1=C(Cl)ON=NS1(=O)=O
388,396.60786931363,3.071621,3.3106765539949747,BrC1=NC(=N)C(=N)C(=O)C1=NC1=CN=CC=C1
389,376.0424150220144,3.3335152,3.7557495376768864,CCOC1=C(CC(=O)C(=O)C(=O)C#C)SC=C1
390,461.01670372657696,2.9350657,3.0579936906496883,BrC1=NC(=CN=C1)C1=NC(=NC=N1)C(=O)C=O
391,449.66064148740537,2.9486134,3.507242027689071,CC1=NC(=O)C(O)=C2SN=C(N=C12)C(=O)C=O
392,533.3337275628045,3.0399928,3.211109476576492,BrC1=NN2C(=NC1=N)C(CC#N)=CC=NC2=N
393,513.1255130306787,3.1537173,6.008645367945185,ClC1=NC=NC2=CN=C(C=O)S(=O)(=O)N=C12
394,287.0033552312407,3.2934017,4.403577759180514,CC1=C(O)N=CN=CC2=C(NC(=O)C(N)=N2)S1
395,384.09660161286496,2.9728627,3.19388481059598,CC1=CC(=N)NC2=C3C=NC4=C3C(SC4=O)=C12
396,372.3142780142183,3.1281059,4.325179049975527,BrC1=NC=C2C(SC3=NOC(=N)C(=O)N=C23)=C1
397,108.85530892706537,3.1961303,3.4438565359705167,CC(O)C(N)C1=C(O)C=CC2=C(N1)C(=O)N=C2
398,407.550259452145,3.0504746,3.189475768613926,C1CC2=NC(C=C3ON=NC3=CC=CC=N2)=N1
399,302.00333936887205,2.973038,3.2528150691395017,BrC1=NSC2=C3OC=CC(=O)N=C3N=C2C1=O
400,605.3738480659862,3.0228117,3.434182560537099,CC1=NC2=NC3=CC(=O)SC3=NOC2=NC1=O
401,732.2569471789673,2.995184,5.018082711969387,CC1=NC(=O)C(=NC2=NC(=NC2=N1)C#C)C#N
402,419.98547926617647,3.1146824,3.2968661773050445,CC1=CS(=O)(=O)C=CN=C2OC=NC(S1)=C2F
403,419.98547926617647,3.1146824,2.812615843950825,CC1=CS(=O)(=O)C=CN=C2OC=NC(S1)=C2F
404,298.8149833799867,3.1154137,3.138063624678883,CCNC1=NC(F)=C(OC=N)C(O1)=NCCO
405,398.4842547863335,2.9274702,2.8349398310135876,CC1=NC(=N)C2=C1N1N=CON=C1C(C=O)=N2
406,419.4697510541482,2.9443636,3.119187725307223,ClC1=CN=C2C(=NN(C=O)N=C2S1(=O)=O)C#C
407,384.067466384052,3.332306,3.2638398314378994,BrC1=NC=C(C(Br)=N1)C1=NOC(=O)C(=O)C=N1
408,569.6120276317948,3.0538893,3.312986593245473,ClC1=NC2=C3C(=NOC(=N)C3=NC=NS2)C1=N
409,242.4072709519833,3.297923,3.332635709735641,CCC1=CC(C(O)CC#C)C(=O)C(=O)C1
410,527.3171483460098,3.138121,2.9903050107732394,CC1=NSC2=C(O1)C(=O)C1=C2C(=O)C(=O)C1=O
411,382.8071546194692,3.0403817,2.836723765246023,CN1C2CC2OC(=O)C2=C1OS(=O)(=O)N=C2
412,398.9646953686517,3.0217535,2.992567348671125,BrC1=NC2=C(C=C1)C1=C(C=N2)C(=O)C(=N)C1=N
413,676.6927672028283,3.1356666,2.990585705590839,CC1=NC(=N)N=C(C#N)C(=N1)C1=NOC(=O)S1
414,101.41566608529104,3.7321453,2.912724655182462,CC1=CSC(N)=CC(O)=C2N=C(N=C2O)N=C1
415,647.9222672700741,2.949499,3.4362878435662734,CC1=NC2=C(SC3=NC(=N)C=NC3=NS2)C1=O
416,718.431834266578,2.972825,3.122286922071188,CC(=O)C(=O)C(=O)S(=O)(=O)CC(=O)C(=O)C=O
417,452.68753072268527,3.2428117,3.2079369779485383,CCC1=C(CCC2=NC(=O)ON=N2)SC(O)=N1
418,495.6909845348232,2.9627044,2.939940618366179,ClC1=CSC(=O)C(CN=C2C=NC(=O)C2=O)=N1
419,572.4427439974139,2.9827952,3.3291746060305445,CC(=O)C1=CC=NC2=C(C=NC2=O)C(C=O)=N1
420,225.09169371420364,3.1099102,3.2501047221930714,CC1C2N=COCC3=C(N)C(C12)C(=O)C3=O
421,320.0862124206943,2.940392,3.032872343611092,CC(=O)C1=C(C#C)C(=O)C2=C(Br)N=NOC2=N1
422,394.2787249490092,2.91401,2.923048759118032,CC1=NC(=N)N=C2N=C(C#N)C(Br)=NC2=C1O
423,563.1245285157844,2.9320621,3.2549289575823663,BrC1=NC(=O)C2=C(C(=NCC#N)C(=O)S2)C1=N
424,349.721939375587,3.1058328,2.9135688969812494,CC1=NSN=C(C2=CN=CN=C2Cl)C(=O)C1=N
425,311.5228387605568,3.6742368,2.95517541937429,CC1=CC2=CC(ON=N2)=CC(=N)C(O)=NC=C1
426,471.9466657973311,3.179858,3.1107391469439247,CC1=C2N(N=C(C(=O)C(O)=O)C2=O)C(=O)C1=O
427,471.9466657973311,3.179858,2.9942438469926125,CC1=C2N(N=C(C(=O)C(O)=O)C2=O)C(=O)C1=O
428,566.1808906254835,2.9635735,2.8112267521821432,ClC1=NC2=NC=NC(=N)N2C2=C1C(=O)SN=N2
429,203.62990626509853,3.553069,3.4309826875788043,CC1=CN=C2SC=C1N=CN=CC(C)=CC2=N
430,485.5833759725252,2.9347866,3.1445090344370854,CC1=NC2=C(ON=C1)C(C(=O)C#N)=C(O)C2=N
431,550.8260216475908,3.1695232,2.828253253857897,CC1OC(C=C1C1=COS(=O)(=O)N=N1)C#N
432,404.4810880369247,3.0890992,3.3666014603659593,CC1=CN=CN=C2N=C(C#N)C(=N)N=C2C1=O
433,449.65566239618806,2.9625776,4.64156261739825,CCOC1=NC2=C(ON=N1)C1=C(N=NS1)C2=O
434,395.5544373396988,2.9670131,2.919793801909845,CC1=CC=NC2=C(N=NOC(O)=N2)C(=O)N=C1
435,580.6809279991348,3.1229947,3.14607399792349,CC1=NC=NC2=CC(=N)C(=O)C(=N)C2=CC=N1
436,656.2818761373185,2.9468603,4.4255745486410065,CC1=NC(=N)C(=NC2=CC=NC=NC2=O)C1=N
437,605.3738480659862,2.9224052,3.934334890415523,CC1=NC2=NSC(=N)C(=O)C(=O)C2=CC(O)=N1
438,482.0965555896842,3.1036305,2.994835343598767,CC1=NC(=O)N=CN=C1N=C1C(=O)C=NC1=O
439,411.6055783978055,2.9917994,3.086664592628011,ClC1=NN=C(N=N1)C1=CN=CC(=N)C=N1
440,647.9222672700741,2.9016113,3.484611457624131,CC1=NC(=N)SC2=C(S1)C(=N)C(=N)C=NC2=O
441,572.4427439974139,3.0848095,3.2112892554943504,CC1=C2C(=CC(=N)C(=O)C1=O)C(=O)N=C2C#N
442,249.7012397643936,2.9008543,3.8243344034641065,CCC1=NC2=C(C3=C(C(=O)N=C3)C2=O)C(Br)=C1
443,478.66509583496594,3.8093781,3.2744629676401567,CC(N)=NC1=NC(=O)C2=C(OC=O)C(=O)N=C12
444,428.77063365748967,3.8054595,3.325157194436279,CC1=NC=NC=CC(=O)C2=CC(NN=N2)=C1
445,492.704572583367,2.9074578,3.6618077905103426,CC1=C2C(=NC3=C2C(=O)C=N3)N=CC(=N)C1=O
446,202.10001335026388,3.2054803,4.255334461322701,CC1=CC2=COC(S2)=NC=C2C=CN=C2N=C1
447,322.0020058468302,2.9571784,3.120526311185496,CC1=CN=CC(=N)C=C2OC(=O)C(=N1)C(Br)=N2
448,307.1792610494262,3.1732326,3.6539617591642783,CC1=CC2=NSC3=C(N=CC3=O)N=C2C(Br)=N1
449,389.7052929995006,2.9941843,2.8298214054254736,BrC1=NC2=NC(OC=CC=C3N=NOC3=N2)=N1
450,500.9223466449828,3.5348167,3.161804269624619,CC1=NC2=NOC1=CC(=N)C(=O)SC=C(O)S2
451,449.3852421733089,2.9992592,4.5611288108413595,BrC1=NC2=NC=CS(=O)(=O)C(=O)N=C2N=C1
452,319.0818325790912,3.0422342,2.9544107117720464,BrC1=CC=NC2=C1C1=NSN=C1C(=O)N=C2
453,601.4998191467944,3.133768,2.998989411134116,CC1=NN2N=NSC(=N)C=C2C(=O)C(=O)C1=O
454,373.4236422125473,3.117608,2.9394559583733777,CC1=CSC2=C(O)C=NC(O2)=C(N)C=NC1=O
455,482.09083226951446,2.9243824,3.0953239437827924,CC(=O)N(C=N)C1=NC2=C(N=CN=NO2)C1=N
456,242.8886009898352,2.945769,3.069542160917471,CC1=NC(=O)C2=C1N=C1OC=C(Br)N=C1S2
457,391.9843447829598,2.9945095,2.998787219783328,CC(=O)C1=C2C(=O)N=C(Br)C=C2OC(=N1)C#N
458,364.0689650389419,2.927127,2.849036895180962,ClC1=NC2=CC(=O)ON=C2C2=C1OC=NC2=O
